family,family_title,programs,with_earnings,earnings_1yr,earnings_4yr,debt,debt_to_earnings
14,ENGINEERING,3321,1563,68548.5,83620.0,23107.0,0.28
11,COMPUTER AND INFORMATION SCIENCES AND SUPPORT SERVICES,3190,1128,58584.0,74296.5,24103.5,0.3
15,ENGINEERING/ENGINEERING-RELATED TECHNOLOGIES/TECHNICIANS,1051,357,61370.0,73775.0,25256.0,0.35
27,MATHEMATICS AND STATISTICS,1847,345,49240.0,63659.0,20000.0,0.31
51,HEALTH PROFESSIONS AND RELATED PROGRAMS,5705,2358,55451.0,61055.0,23500.0,0.37
04,ARCHITECTURE AND RELATED SERVICES,476,159,46773.0,58687.0,25072.0,0.43
52,"BUSINESS, MANAGEMENT, MARKETING, AND RELATED SUPPORT SERVICES",8959,4303,46271.0,57679.0,23217.5,0.38
40,PHYSICAL SCIENCES,2884,365,38581.0,55725.0,22250.0,0.4
45,SOCIAL SCIENCES,5456,1968,34736.0,49862.5,21625.0,0.42
26,BIOLOGICAL AND BIOMEDICAL SCIENCES,3705,1199,29644.0,48727.0,22832.5,0.45
30,MULTI/INTERDISCIPLINARY STUDIES,2843,475,33888.0,47887.0,21850.0,0.45
01,AGRICULTURAL/ANIMAL/PLANT/VETERINARY SCIENCE AND RELATED FIELDS,874,339,38321.0,47576.0,20000.0,0.4
43,"HOMELAND SECURITY, LAW ENFORCEMENT, FIREFIGHTING AND RELATED PROTECTIVE SERVICES",1537,827,36306.0,46544.0,24859.0,0.51
05,"AREA, ETHNIC, CULTURAL, GENDER, AND GROUP STUDIES",996,144,31703.0,46540.0,21109.0,0.44
03,NATURAL RESOURCES AND CONSERVATION,1113,318,32495.0,46363.0,21620.0,0.47
09,"COMMUNICATION, JOURNALISM, AND RELATED PROGRAMS",2693,1146,33734.0,46351.0,23037.0,0.48
16,"FOREIGN LANGUAGES, LITERATURES, AND LINGUISTICS",2611,349,30881.0,45770.0,20916.0,0.44
31,"PARKS, RECREATION, LEISURE, FITNESS, AND KINESIOLOGY",1324,641,29299.0,44385.0,23900.0,0.52
44,PUBLIC ADMINISTRATION AND SOCIAL SERVICE PROFESSIONS,1328,618,35395.0,43867.5,23873.0,0.53
13,EDUCATION,3860,1340,38776.0,42856.5,24500.0,0.56
54,HISTORY,1377,483,29829.0,42716.0,21500.0,0.49
42,PSYCHOLOGY,2093,1155,29929.0,42649.0,23258.0,0.54
38,PHILOSOPHY AND RELIGIOUS STUDIES,1791,108,28915.5,42622.0,21625.0,0.43
24,"LIBERAL ARTS AND SCIENCES, GENERAL STUDIES AND HUMANITIES",1432,456,34736.0,42589.5,23250.0,0.53
19,FAMILY AND CONSUMER SCIENCES/HUMAN SCIENCES,785,356,31388.0,41981.0,23000.0,0.53
23,ENGLISH LANGUAGE AND LITERATURE/LETTERS,2124,722,28257.5,40729.5,22306.0,0.54
39,THEOLOGY AND RELIGIOUS VOCATIONS,1274,102,29707.0,37291.5,24218.0,0.65
50,VISUAL AND PERFORMING ARTS,5561,1512,24171.0,35442.0,24702.0,0.67
