year,institutions,enrollment,tuition,net_price,debt,earnings_10yr,completion
1996,7007,6459,0,0,0,0,0
1997,6934,6614,0,0,3907,0,4538
1998,6702,6392,0,0,3977,0,4669
1999,6609,6284,0,0,3991,0,5225
2000,6654,0,3360,0,4006,0,4752
2001,6725,6362,3920,0,4059,0,5117
2002,6652,6300,4049,0,4137,0,5796
2003,6673,6361,4149,0,4464,0,5866
2004,6747,6318,4188,0,4730,0,5865
2005,6899,6388,4173,0,4929,0,5922
2006,6951,6441,4201,0,5058,0,5952
2007,6971,6454,4183,0,5163,5241,5960
2008,7055,6544,4209,0,5324,0,6041
2009,7217,6649,4289,3802,5570,5505,6108
2010,7470,6910,4337,3806,5887,0,6199
2011,7746,7107,4444,6718,6222,5898,6310
2012,7862,7139,4462,6680,6387,6069,6379
2013,7869,7141,4527,6700,6395,6158,6449
2014,7766,7037,4407,6617,6307,6075,6443
2015,7666,6915,4330,6439,6212,0,6366
2016,7238,6495,4081,5988,5772,0,6013
2017,7112,6364,4021,5887,5659,0,5920
2018,6807,6042,3866,5606,5307,0,5621
2019,6694,5902,3836,5444,5206,0,5501
2020,6681,5840,3835,5395,5142,5561,5456
2021,6543,5769,3787,5296,0,0,5389
2022,6484,5716,3771,5264,0,0,5359
2023,6430,5657,3730,5166,0,0,5259
2024,6322,5587,3662,5113,0,0,5208
2025,6273,0,0,0,0,0,0
