year,for_profit_as_reported,for_profit_by_latest_sector,institutions_in_another_sector_now
1996,510852,504156,178
1997,518051,509662,177
1998,773270,765054,170
1999,593511,583236,172
2000,,,179
2001,738256,715888,175
2002,805400,783800,178
2003,923559,885206,175
2004,1088753,1029168,181
2005,1204586,1132582,185
2006,1241189,1152030,183
2007,1324318,1230484,177
2008,1588379,1430301,173
2009,1910919,1674350,177
2010,2186060,1905205,175
2011,2114819,1862129,151
2012,1924485,1664251,156
2013,1757949,1530660,137
2014,1648157,1429887,126
2015,1391715,1244609,71
2016,1204169,1062930,69
2017,1115951,987878,57
2018,1000892,901930,38
2019,1014485,909694,42
2020,1068635,948688,45
2021,1053676,939257,44
2022,1029189,933372,14
2023,1081086,983661,11
2024,1124457,1027290,7
2025,,,0
