column,rows,privacy_suppressed,missing
GRAD_DEBT_MDN,208759,41515,43433
MD_EARN_WNE_P10,208759,5437,162815
LONGITUDE,208759,0,203028
LATITUDE,208759,0,203028
LOCALE,208759,0,203027
HBCU,208759,0,202956
CURROPER,208759,0,202486
NPT4_PUB,208759,0,179168
ADM_RATE,208759,0,152109
COSTT4_A,208759,0,149814
NPT4_PRIV,208759,0,148429
C150_4,208759,0,147924
CDR3,208759,0,120060
C150_L4,208759,0,109911
TUITIONFEE_OUT,208759,0,109491
TUITIONFEE_IN,208759,0,106942
PCTPELL,208759,0,100671
UGDS,208759,0,29572
OPEID6,208759,0,138
CONTROL,208759,0,29
REGION,208759,0,1
MAIN,208759,0,0
STABBR,208759,0,0
PREDDEG,208759,0,0
UNITID,208759,0,0
INSTNM,208759,0,0
CITY,208759,0,0
