year,column,rows,privacy_suppressed,null
1996,UNITID,7007,0,0
1996,OPEID6,7007,0,0
1996,INSTNM,7007,0,0
1996,CITY,7007,0,0
1996,STABBR,7007,0,0
1996,CONTROL,7007,0,0
1996,PREDDEG,7007,0,0
1996,REGION,7007,0,0
1996,LOCALE,7007,0,7007
1996,HBCU,7007,0,7007
1996,MAIN,7007,0,0
1996,CURROPER,7007,0,7007
1996,LATITUDE,7007,0,7007
1996,LONGITUDE,7007,0,7007
1996,UGDS,7007,0,548
1996,ADM_RATE,7007,0,7007
1996,COSTT4_A,7007,0,7007
1996,NPT4_PUB,7007,0,7007
1996,NPT4_PRIV,7007,0,7007
1996,TUITIONFEE_IN,7007,0,7007
1996,TUITIONFEE_OUT,7007,0,7007
1996,PCTPELL,7007,0,7007
1996,C150_4,7007,0,7007
1996,C150_L4,7007,0,7007
1996,GRAD_DEBT_MDN,7007,0,7007
1996,MD_EARN_WNE_P10,7007,0,7007
1996,CDR3,7007,0,7007
1997,UNITID,6934,0,0
1997,OPEID6,6934,0,0
1997,INSTNM,6934,0,0
1997,CITY,6934,0,0
1997,STABBR,6934,0,0
1997,CONTROL,6934,0,0
1997,PREDDEG,6934,0,0
1997,REGION,6934,0,0
1997,LOCALE,6934,0,6934
1997,HBCU,6934,0,6934
1997,MAIN,6934,0,0
1997,CURROPER,6934,0,6934
1997,LATITUDE,6934,0,6934
1997,LONGITUDE,6934,0,6934
1997,UGDS,6934,0,320
1997,ADM_RATE,6934,0,6934
1997,COSTT4_A,6934,0,6934
1997,NPT4_PUB,6934,0,6934
1997,NPT4_PRIV,6934,0,6934
1997,TUITIONFEE_IN,6934,0,6934
1997,TUITIONFEE_OUT,6934,0,6934
1997,PCTPELL,6934,0,6934
1997,C150_4,6934,0,5397
1997,C150_L4,6934,0,3933
1997,GRAD_DEBT_MDN,6934,2448,579
1997,MD_EARN_WNE_P10,6934,0,6934
1997,CDR3,6934,0,6934
1998,UNITID,6702,0,0
1998,OPEID6,6702,0,0
1998,INSTNM,6702,0,0
1998,CITY,6702,0,0
1998,STABBR,6702,0,0
1998,CONTROL,6702,0,0
1998,PREDDEG,6702,0,0
1998,REGION,6702,0,0
1998,LOCALE,6702,0,6702
1998,HBCU,6702,0,6702
1998,MAIN,6702,0,0
1998,CURROPER,6702,0,6702
1998,LATITUDE,6702,0,6702
1998,LONGITUDE,6702,0,6702
1998,UGDS,6702,0,310
1998,ADM_RATE,6702,0,6702
1998,COSTT4_A,6702,0,6702
1998,NPT4_PUB,6702,0,6702
1998,NPT4_PRIV,6702,0,6702
1998,TUITIONFEE_IN,6702,0,6702
1998,TUITIONFEE_OUT,6702,0,6702
1998,PCTPELL,6702,0,6702
1998,C150_4,6702,0,5074
1998,C150_L4,6702,0,3661
1998,GRAD_DEBT_MDN,6702,2284,441
1998,MD_EARN_WNE_P10,6702,0,6702
1998,CDR3,6702,0,6702
1999,UNITID,6609,0,0
1999,OPEID6,6609,0,0
1999,INSTNM,6609,0,0
1999,CITY,6609,0,0
1999,STABBR,6609,0,0
1999,CONTROL,6609,0,0
1999,PREDDEG,6609,0,0
1999,REGION,6609,0,0
1999,LOCALE,6609,0,6609
1999,HBCU,6609,0,6609
1999,MAIN,6609,0,0
1999,CURROPER,6609,0,6609
1999,LATITUDE,6609,0,6609
1999,LONGITUDE,6609,0,6609
1999,UGDS,6609,0,325
1999,ADM_RATE,6609,0,6609
1999,COSTT4_A,6609,0,6609
1999,NPT4_PUB,6609,0,6609
1999,NPT4_PRIV,6609,0,6609
1999,TUITIONFEE_IN,6609,0,6609
1999,TUITIONFEE_OUT,6609,0,6609
1999,PCTPELL,6609,0,6609
1999,C150_4,6609,0,4928
1999,C150_L4,6609,0,3065
1999,GRAD_DEBT_MDN,6609,2263,355
1999,MD_EARN_WNE_P10,6609,0,6609
1999,CDR3,6609,0,6609
2000,UNITID,6654,0,0
2000,OPEID6,6654,0,0
2000,INSTNM,6654,0,0
2000,CITY,6654,0,0
2000,STABBR,6654,0,0
2000,CONTROL,6654,0,0
2000,PREDDEG,6654,0,0
2000,REGION,6654,0,0
2000,LOCALE,6654,0,6654
2000,HBCU,6654,0,6654
2000,MAIN,6654,0,0
2000,CURROPER,6654,0,6654
2000,LATITUDE,6654,0,6654
2000,LONGITUDE,6654,0,6654
2000,UGDS,6654,0,6654
2000,ADM_RATE,6654,0,6654
2000,COSTT4_A,6654,0,6654
2000,NPT4_PUB,6654,0,6654
2000,NPT4_PRIV,6654,0,6654
2000,TUITIONFEE_IN,6654,0,3294
2000,TUITIONFEE_OUT,6654,0,3294
2000,PCTPELL,6654,0,6654
2000,C150_4,6654,0,5022
2000,C150_L4,6654,0,3534
2000,GRAD_DEBT_MDN,6654,2327,321
2000,MD_EARN_WNE_P10,6654,0,6654
2000,CDR3,6654,0,6654
2001,UNITID,6725,0,0
2001,OPEID6,6725,0,0
2001,INSTNM,6725,0,0
2001,CITY,6725,0,0
2001,STABBR,6725,0,0
2001,CONTROL,6725,0,0
2001,PREDDEG,6725,0,0
2001,REGION,6725,0,0
2001,LOCALE,6725,0,6725
2001,HBCU,6725,0,6725
2001,MAIN,6725,0,0
2001,CURROPER,6725,0,6725
2001,LATITUDE,6725,0,6725
2001,LONGITUDE,6725,0,6725
2001,UGDS,6725,0,363
2001,ADM_RATE,6725,0,4243
2001,COSTT4_A,6725,0,6725
2001,NPT4_PUB,6725,0,6725
2001,NPT4_PRIV,6725,0,6725
2001,TUITIONFEE_IN,6725,0,2805
2001,TUITIONFEE_OUT,6725,0,2804
2001,PCTPELL,6725,0,6725
2001,C150_4,6725,0,5004
2001,C150_L4,6725,0,3329
2001,GRAD_DEBT_MDN,6725,2385,281
2001,MD_EARN_WNE_P10,6725,0,6725
2001,CDR3,6725,0,6725
2002,UNITID,6652,0,0
2002,OPEID6,6652,0,0
2002,INSTNM,6652,0,0
2002,CITY,6652,0,0
2002,STABBR,6652,0,0
2002,CONTROL,6652,0,3
2002,PREDDEG,6652,0,0
2002,REGION,6652,0,0
2002,LOCALE,6652,0,6652
2002,HBCU,6652,0,6652
2002,MAIN,6652,0,0
2002,CURROPER,6652,0,6652
2002,LATITUDE,6652,0,6652
2002,LONGITUDE,6652,0,6652
2002,UGDS,6652,0,352
2002,ADM_RATE,6652,0,3797
2002,COSTT4_A,6652,0,6652
2002,NPT4_PUB,6652,0,6652
2002,NPT4_PRIV,6652,0,6652
2002,TUITIONFEE_IN,6652,0,2603
2002,TUITIONFEE_OUT,6652,0,2603
2002,PCTPELL,6652,0,6652
2002,C150_4,6652,0,4609
2002,C150_L4,6652,0,2899
2002,GRAD_DEBT_MDN,6652,2283,232
2002,MD_EARN_WNE_P10,6652,0,6652
2002,CDR3,6652,0,6652
2003,UNITID,6673,0,0
2003,OPEID6,6673,0,0
2003,INSTNM,6673,0,0
2003,CITY,6673,0,0
2003,STABBR,6673,0,0
2003,CONTROL,6673,0,0
2003,PREDDEG,6673,0,0
2003,REGION,6673,0,0
2003,LOCALE,6673,0,6673
2003,HBCU,6673,0,6673
2003,MAIN,6673,0,0
2003,CURROPER,6673,0,6673
2003,LATITUDE,6673,0,6673
2003,LONGITUDE,6673,0,6673
2003,UGDS,6673,0,312
2003,ADM_RATE,6673,0,3788
2003,COSTT4_A,6673,0,6673
2003,NPT4_PUB,6673,0,6673
2003,NPT4_PRIV,6673,0,6673
2003,TUITIONFEE_IN,6673,0,2524
2003,TUITIONFEE_OUT,6673,0,2524
2003,PCTPELL,6673,0,6673
2003,C150_4,6673,0,4573
2003,C150_L4,6673,0,2907
2003,GRAD_DEBT_MDN,6673,2012,197
2003,MD_EARN_WNE_P10,6673,0,6673
2003,CDR3,6673,0,6673
2004,UNITID,6747,0,0
2004,OPEID6,6747,0,0
2004,INSTNM,6747,0,0
2004,CITY,6747,0,0
2004,STABBR,6747,0,0
2004,CONTROL,6747,0,0
2004,PREDDEG,6747,0,0
2004,REGION,6747,0,0
2004,LOCALE,6747,0,6747
2004,HBCU,6747,0,6747
2004,MAIN,6747,0,0
2004,CURROPER,6747,0,6747
2004,LATITUDE,6747,0,6747
2004,LONGITUDE,6747,0,6747
2004,UGDS,6747,0,429
2004,ADM_RATE,6747,0,3956
2004,COSTT4_A,6747,0,6747
2004,NPT4_PUB,6747,0,6747
2004,NPT4_PRIV,6747,0,6747
2004,TUITIONFEE_IN,6747,0,2559
2004,TUITIONFEE_OUT,6747,0,2592
2004,PCTPELL,6747,0,6747
2004,C150_4,6747,0,4642
2004,C150_L4,6747,0,2987
2004,GRAD_DEBT_MDN,6747,1827,190
2004,MD_EARN_WNE_P10,6747,0,6747
2004,CDR3,6747,0,6747
2005,UNITID,6899,0,0
2005,OPEID6,6899,0,0
2005,INSTNM,6899,0,0
2005,CITY,6899,0,0
2005,STABBR,6899,0,0
2005,CONTROL,6899,0,0
2005,PREDDEG,6899,0,0
2005,REGION,6899,0,0
2005,LOCALE,6899,0,6899
2005,HBCU,6899,0,6899
2005,MAIN,6899,0,0
2005,CURROPER,6899,0,6899
2005,LATITUDE,6899,0,6899
2005,LONGITUDE,6899,0,6899
2005,UGDS,6899,0,511
2005,ADM_RATE,6899,0,4076
2005,COSTT4_A,6899,0,6899
2005,NPT4_PUB,6899,0,6899
2005,NPT4_PRIV,6899,0,6899
2005,TUITIONFEE_IN,6899,0,2726
2005,TUITIONFEE_OUT,6899,0,2760
2005,PCTPELL,6899,0,6899
2005,C150_4,6899,0,4760
2005,C150_L4,6899,0,3116
2005,GRAD_DEBT_MDN,6899,1772,198
2005,MD_EARN_WNE_P10,6899,0,6899
2005,CDR3,6899,0,6899
2006,UNITID,6951,0,0
2006,OPEID6,6951,0,0
2006,INSTNM,6951,0,0
2006,CITY,6951,0,0
2006,STABBR,6951,0,0
2006,CONTROL,6951,0,1
2006,PREDDEG,6951,0,0
2006,REGION,6951,0,0
2006,LOCALE,6951,0,6951
2006,HBCU,6951,0,6951
2006,MAIN,6951,0,0
2006,CURROPER,6951,0,6951
2006,LATITUDE,6951,0,6951
2006,LONGITUDE,6951,0,6951
2006,UGDS,6951,0,510
2006,ADM_RATE,6951,0,4074
2006,COSTT4_A,6951,0,6951
2006,NPT4_PUB,6951,0,6951
2006,NPT4_PRIV,6951,0,6951
2006,TUITIONFEE_IN,6951,0,2750
2006,TUITIONFEE_OUT,6951,0,2858
2006,PCTPELL,6951,0,6951
2006,C150_4,6951,0,4786
2006,C150_L4,6951,0,3164
2006,GRAD_DEBT_MDN,6951,1717,176
2006,MD_EARN_WNE_P10,6951,0,6951
2006,CDR3,6951,0,6951
2007,UNITID,6971,0,0
2007,OPEID6,6971,0,0
2007,INSTNM,6971,0,0
2007,CITY,6971,0,0
2007,STABBR,6971,0,0
2007,CONTROL,6971,0,1
2007,PREDDEG,6971,0,0
2007,REGION,6971,0,0
2007,LOCALE,6971,0,6971
2007,HBCU,6971,0,6971
2007,MAIN,6971,0,0
2007,CURROPER,6971,0,6971
2007,LATITUDE,6971,0,6971
2007,LONGITUDE,6971,0,6971
2007,UGDS,6971,0,517
2007,ADM_RATE,6971,0,4117
2007,COSTT4_A,6971,0,6971
2007,NPT4_PUB,6971,0,6971
2007,NPT4_PRIV,6971,0,6971
2007,TUITIONFEE_IN,6971,0,2788
2007,TUITIONFEE_OUT,6971,0,2788
2007,PCTPELL,6971,0,6971
2007,C150_4,6971,0,4760
2007,C150_L4,6971,0,3222
2007,GRAD_DEBT_MDN,6971,1662,146
2007,MD_EARN_WNE_P10,6971,981,749
2007,CDR3,6971,0,6971
2008,UNITID,7055,0,0
2008,OPEID6,7055,0,0
2008,INSTNM,7055,0,0
2008,CITY,7055,0,0
2008,STABBR,7055,0,0
2008,CONTROL,7055,0,24
2008,PREDDEG,7055,0,0
2008,REGION,7055,0,0
2008,LOCALE,7055,0,7055
2008,HBCU,7055,0,7055
2008,MAIN,7055,0,0
2008,CURROPER,7055,0,7055
2008,LATITUDE,7055,0,7055
2008,LONGITUDE,7055,0,7055
2008,UGDS,7055,0,511
2008,ADM_RATE,7055,0,4242
2008,COSTT4_A,7055,0,7055
2008,NPT4_PUB,7055,0,7055
2008,NPT4_PRIV,7055,0,7055
2008,TUITIONFEE_IN,7055,0,2846
2008,TUITIONFEE_OUT,7055,0,2976
2008,PCTPELL,7055,0,573
2008,C150_4,7055,0,4817
2008,C150_L4,7055,0,3252
2008,GRAD_DEBT_MDN,7055,1597,134
2008,MD_EARN_WNE_P10,7055,0,7055
2008,CDR3,7055,0,7055
2009,UNITID,7217,0,0
2009,OPEID6,7217,0,0
2009,INSTNM,7217,0,0
2009,CITY,7217,0,0
2009,STABBR,7217,0,0
2009,CONTROL,7217,0,0
2009,PREDDEG,7217,0,0
2009,REGION,7217,0,0
2009,LOCALE,7217,0,7217
2009,HBCU,7217,0,7217
2009,MAIN,7217,0,0
2009,CURROPER,7217,0,7217
2009,LATITUDE,7217,0,7217
2009,LONGITUDE,7217,0,7217
2009,UGDS,7217,0,568
2009,ADM_RATE,7217,0,4423
2009,COSTT4_A,7217,0,3193
2009,NPT4_PUB,7217,0,5532
2009,NPT4_PRIV,7217,0,5100
2009,TUITIONFEE_IN,7217,0,2928
2009,TUITIONFEE_OUT,7217,0,3076
2009,PCTPELL,7217,0,611
2009,C150_4,7217,0,4934
2009,C150_L4,7217,0,3392
2009,GRAD_DEBT_MDN,7217,1531,116
2009,MD_EARN_WNE_P10,7217,909,803
2009,CDR3,7217,0,7217
2010,UNITID,7470,0,0
2010,OPEID6,7470,0,0
2010,INSTNM,7470,0,0
2010,CITY,7470,0,0
2010,STABBR,7470,0,0
2010,CONTROL,7470,0,0
2010,PREDDEG,7470,0,0
2010,REGION,7470,0,0
2010,LOCALE,7470,0,7470
2010,HBCU,7470,0,7470
2010,MAIN,7470,0,0
2010,CURROPER,7470,0,7470
2010,LATITUDE,7470,0,7470
2010,LONGITUDE,7470,0,7470
2010,UGDS,7470,0,560
2010,ADM_RATE,7470,0,5149
2010,COSTT4_A,7470,0,3410
2010,NPT4_PUB,7470,0,5818
2010,NPT4_PRIV,7470,0,5316
2010,TUITIONFEE_IN,7470,0,3133
2010,TUITIONFEE_OUT,7470,0,3288
2010,PCTPELL,7470,0,649
2010,C150_4,7470,0,5136
2010,C150_L4,7470,0,3605
2010,GRAD_DEBT_MDN,7470,1480,103
2010,MD_EARN_WNE_P10,7470,0,7470
2010,CDR3,7470,0,7470
2011,UNITID,7746,0,0
2011,OPEID6,7746,0,0
2011,INSTNM,7746,0,0
2011,CITY,7746,0,0
2011,STABBR,7746,0,0
2011,CONTROL,7746,0,0
2011,PREDDEG,7746,0,0
2011,REGION,7746,0,1
2011,LOCALE,7746,0,7746
2011,HBCU,7746,0,7746
2011,MAIN,7746,0,0
2011,CURROPER,7746,0,7746
2011,LATITUDE,7746,0,7746
2011,LONGITUDE,7746,0,7746
2011,UGDS,7746,0,639
2011,ADM_RATE,7746,0,5384
2011,COSTT4_A,7746,0,3586
2011,NPT4_PUB,7746,0,5780
2011,NPT4_PRIV,7746,0,2994
2011,TUITIONFEE_IN,7746,0,3302
2011,TUITIONFEE_OUT,7746,0,3471
2011,PCTPELL,7746,0,697
2011,C150_4,7746,0,5362
2011,C150_L4,7746,0,3820
2011,GRAD_DEBT_MDN,7746,1436,88
2011,MD_EARN_WNE_P10,7746,868,980
2011,CDR3,7746,0,276
2012,UNITID,7862,0,0
2012,OPEID6,7862,0,0
2012,INSTNM,7862,0,0
2012,CITY,7862,0,0
2012,STABBR,7862,0,0
2012,CONTROL,7862,0,0
2012,PREDDEG,7862,0,0
2012,REGION,7862,0,0
2012,LOCALE,7862,0,7862
2012,HBCU,7862,0,7862
2012,MAIN,7862,0,0
2012,CURROPER,7862,0,7862
2012,LATITUDE,7862,0,7862
2012,LONGITUDE,7862,0,7862
2012,UGDS,7862,0,723
2012,ADM_RATE,7862,0,5535
2012,COSTT4_A,7862,0,3719
2012,NPT4_PUB,7862,0,5927
2012,NPT4_PRIV,7862,0,3117
2012,TUITIONFEE_IN,7862,0,3400
2012,TUITIONFEE_OUT,7862,0,3585
2012,PCTPELL,7862,0,780
2012,C150_4,7862,0,5426
2012,C150_L4,7862,0,3919
2012,GRAD_DEBT_MDN,7862,1406,69
2012,MD_EARN_WNE_P10,7862,936,857
2012,CDR3,7862,0,132
2013,UNITID,7869,0,0
2013,OPEID6,7869,0,0
2013,INSTNM,7869,0,0
2013,CITY,7869,0,0
2013,STABBR,7869,0,0
2013,CONTROL,7869,0,0
2013,PREDDEG,7869,0,0
2013,REGION,7869,0,0
2013,LOCALE,7869,0,7869
2013,HBCU,7869,0,7869
2013,MAIN,7869,0,0
2013,CURROPER,7869,0,7869
2013,LATITUDE,7869,0,7869
2013,LONGITUDE,7869,0,7869
2013,UGDS,7869,0,728
2013,ADM_RATE,7869,0,5628
2013,COSTT4_A,7869,0,3724
2013,NPT4_PUB,7869,0,5943
2013,NPT4_PRIV,7869,0,3095
2013,TUITIONFEE_IN,7869,0,3342
2013,TUITIONFEE_OUT,7869,0,3561
2013,PCTPELL,7869,0,765
2013,C150_4,7869,0,5407
2013,C150_L4,7869,0,3882
2013,GRAD_DEBT_MDN,7869,1419,55
2013,MD_EARN_WNE_P10,7869,867,844
2013,CDR3,7869,0,900
2014,UNITID,7766,0,0
2014,OPEID6,7766,0,0
2014,INSTNM,7766,0,0
2014,CITY,7766,0,0
2014,STABBR,7766,0,0
2014,CONTROL,7766,0,0
2014,PREDDEG,7766,0,0
2014,REGION,7766,0,0
2014,LOCALE,7766,0,7766
2014,HBCU,7766,0,7766
2014,MAIN,7766,0,0
2014,CURROPER,7766,0,7766
2014,LATITUDE,7766,0,7766
2014,LONGITUDE,7766,0,7766
2014,UGDS,7766,0,729
2014,ADM_RATE,7766,0,5552
2014,COSTT4_A,7766,0,3729
2014,NPT4_PUB,7766,0,5853
2014,NPT4_PRIV,7766,0,3062
2014,TUITIONFEE_IN,7766,0,3359
2014,TUITIONFEE_OUT,7766,0,3561
2014,PCTPELL,7766,0,759
2014,C150_4,7766,0,5269
2014,C150_L4,7766,0,3820
2014,GRAD_DEBT_MDN,7766,1402,57
2014,MD_EARN_WNE_P10,7766,876,815
2014,CDR3,7766,0,975
2015,UNITID,7666,0,0
2015,OPEID6,7666,0,0
2015,INSTNM,7666,0,0
2015,CITY,7666,0,0
2015,STABBR,7666,0,0
2015,CONTROL,7666,0,0
2015,PREDDEG,7666,0,0
2015,REGION,7666,0,0
2015,LOCALE,7666,0,7666
2015,HBCU,7666,0,7666
2015,MAIN,7666,0,0
2015,CURROPER,7666,0,7666
2015,LATITUDE,7666,0,7666
2015,LONGITUDE,7666,0,7666
2015,UGDS,7666,0,751
2015,ADM_RATE,7666,0,5477
2015,COSTT4_A,7666,0,3738
2015,NPT4_PUB,7666,0,5756
2015,NPT4_PRIV,7666,0,3137
2015,TUITIONFEE_IN,7666,0,3336
2015,TUITIONFEE_OUT,7666,0,3550
2015,PCTPELL,7666,0,786
2015,C150_4,7666,0,5162
2015,C150_L4,7666,0,3804
2015,GRAD_DEBT_MDN,7666,1395,59
2015,MD_EARN_WNE_P10,7666,0,7666
2015,CDR3,7666,0,1037
2016,UNITID,7238,0,0
2016,OPEID6,7238,0,0
2016,INSTNM,7238,0,0
2016,CITY,7238,0,0
2016,STABBR,7238,0,0
2016,CONTROL,7238,0,0
2016,PREDDEG,7238,0,0
2016,REGION,7238,0,0
2016,LOCALE,7238,0,7238
2016,HBCU,7238,0,7238
2016,MAIN,7238,0,0
2016,CURROPER,7238,0,7238
2016,LATITUDE,7238,0,7238
2016,LONGITUDE,7238,0,7238
2016,UGDS,7238,0,743
2016,ADM_RATE,7238,0,5197
2016,COSTT4_A,7238,0,3581
2016,NPT4_PUB,7238,0,5341
2016,NPT4_PRIV,7238,0,3147
2016,TUITIONFEE_IN,7238,0,3157
2016,TUITIONFEE_OUT,7238,0,3376
2016,PCTPELL,7238,0,771
2016,C150_4,7238,0,4837
2016,C150_L4,7238,0,3626
2016,GRAD_DEBT_MDN,7238,1417,49
2016,MD_EARN_WNE_P10,7238,0,7238
2016,CDR3,7238,0,858
2017,UNITID,7112,0,0
2017,OPEID6,7112,0,0
2017,INSTNM,7112,0,0
2017,CITY,7112,0,0
2017,STABBR,7112,0,0
2017,CONTROL,7112,0,0
2017,PREDDEG,7112,0,0
2017,REGION,7112,0,0
2017,LOCALE,7112,0,7112
2017,HBCU,7112,0,7112
2017,MAIN,7112,0,0
2017,CURROPER,7112,0,7112
2017,LATITUDE,7112,0,7112
2017,LONGITUDE,7112,0,7112
2017,UGDS,7112,0,748
2017,ADM_RATE,7112,0,5075
2017,COSTT4_A,7112,0,3529
2017,NPT4_PUB,7112,0,5223
2017,NPT4_PRIV,7112,0,3114
2017,TUITIONFEE_IN,7112,0,3091
2017,TUITIONFEE_OUT,7112,0,3319
2017,PCTPELL,7112,0,770
2017,C150_4,7112,0,4728
2017,C150_L4,7112,0,3576
2017,GRAD_DEBT_MDN,7112,1314,139
2017,MD_EARN_WNE_P10,7112,0,7112
2017,CDR3,7112,0,903
2018,UNITID,6807,0,0
2018,OPEID6,6807,0,0
2018,INSTNM,6807,0,0
2018,CITY,6807,0,0
2018,STABBR,6807,0,0
2018,CONTROL,6807,0,0
2018,PREDDEG,6807,0,0
2018,REGION,6807,0,0
2018,LOCALE,6807,0,6807
2018,HBCU,6807,0,6807
2018,MAIN,6807,0,0
2018,CURROPER,6807,0,6807
2018,LATITUDE,6807,0,6807
2018,LONGITUDE,6807,0,6807
2018,UGDS,6807,0,765
2018,ADM_RATE,6807,0,4800
2018,COSTT4_A,6807,0,3376
2018,NPT4_PUB,6807,0,4929
2018,NPT4_PRIV,6807,0,3079
2018,TUITIONFEE_IN,6807,0,2941
2018,TUITIONFEE_OUT,6807,0,3185
2018,PCTPELL,6807,0,793
2018,C150_4,6807,0,4505
2018,C150_L4,6807,0,3488
2018,GRAD_DEBT_MDN,6807,1379,121
2018,MD_EARN_WNE_P10,6807,0,6807
2018,CDR3,6807,0,864
2019,UNITID,6694,0,0
2019,OPEID6,6694,0,0
2019,INSTNM,6694,0,0
2019,CITY,6694,0,0
2019,STABBR,6694,0,0
2019,CONTROL,6694,0,0
2019,PREDDEG,6694,0,0
2019,REGION,6694,0,0
2019,LOCALE,6694,0,6694
2019,HBCU,6694,0,6694
2019,MAIN,6694,0,0
2019,CURROPER,6694,0,6694
2019,LATITUDE,6694,0,6694
2019,LONGITUDE,6694,0,6694
2019,UGDS,6694,0,792
2019,ADM_RATE,6694,0,4706
2019,COSTT4_A,6694,0,3333
2019,NPT4_PUB,6694,0,4842
2019,NPT4_PRIV,6694,0,3102
2019,TUITIONFEE_IN,6694,0,2858
2019,TUITIONFEE_OUT,6694,0,3120
2019,PCTPELL,6694,0,843
2019,C150_4,6694,0,4418
2019,C150_L4,6694,0,3469
2019,GRAD_DEBT_MDN,6694,1354,134
2019,MD_EARN_WNE_P10,6694,0,6694
2019,CDR3,6694,0,769
2020,UNITID,6681,0,0
2020,OPEID6,6681,0,19
2020,INSTNM,6681,0,0
2020,CITY,6681,0,0
2020,STABBR,6681,0,0
2020,CONTROL,6681,0,0
2020,PREDDEG,6681,0,0
2020,REGION,6681,0,0
2020,LOCALE,6681,0,6681
2020,HBCU,6681,0,6681
2020,MAIN,6681,0,0
2020,CURROPER,6681,0,6681
2020,LATITUDE,6681,0,6681
2020,LONGITUDE,6681,0,6681
2020,UGDS,6681,0,841
2020,ADM_RATE,6681,0,4718
2020,COSTT4_A,6681,0,3361
2020,NPT4_PUB,6681,0,4852
2020,NPT4_PRIV,6681,0,3115
2020,TUITIONFEE_IN,6681,0,2846
2020,TUITIONFEE_OUT,6681,0,2846
2020,PCTPELL,6681,0,866
2020,C150_4,6681,0,4408
2020,C150_L4,6681,0,3498
2020,GRAD_DEBT_MDN,6681,1405,134
2020,MD_EARN_WNE_P10,6681,0,1120
2020,CDR3,6681,0,874
2021,UNITID,6543,0,0
2021,OPEID6,6543,0,20
2021,INSTNM,6543,0,0
2021,CITY,6543,0,0
2021,STABBR,6543,0,0
2021,CONTROL,6543,0,0
2021,PREDDEG,6543,0,0
2021,REGION,6543,0,0
2021,LOCALE,6543,0,6543
2021,HBCU,6543,0,6543
2021,MAIN,6543,0,0
2021,CURROPER,6543,0,6543
2021,LATITUDE,6543,0,6543
2021,LONGITUDE,6543,0,6543
2021,UGDS,6543,0,774
2021,ADM_RATE,6543,0,4586
2021,COSTT4_A,6543,0,3240
2021,NPT4_PUB,6543,0,4723
2021,NPT4_PRIV,6543,0,3067
2021,TUITIONFEE_IN,6543,0,2756
2021,TUITIONFEE_OUT,6543,0,2756
2021,PCTPELL,6543,0,805
2021,C150_4,6543,0,4280
2021,C150_L4,6543,0,3417
2021,GRAD_DEBT_MDN,6543,0,6543
2021,MD_EARN_WNE_P10,6543,0,6543
2021,CDR3,6543,0,741
2022,UNITID,6484,0,0
2022,OPEID6,6484,0,26
2022,INSTNM,6484,0,0
2022,CITY,6484,0,0
2022,STABBR,6484,0,0
2022,CONTROL,6484,0,0
2022,PREDDEG,6484,0,0
2022,REGION,6484,0,0
2022,LOCALE,6484,0,6484
2022,HBCU,6484,0,6484
2022,MAIN,6484,0,0
2022,CURROPER,6484,0,6484
2022,LATITUDE,6484,0,6484
2022,LONGITUDE,6484,0,6484
2022,UGDS,6484,0,768
2022,ADM_RATE,6484,0,4528
2022,COSTT4_A,6484,0,3168
2022,NPT4_PUB,6484,0,4651
2022,NPT4_PRIV,6484,0,3053
2022,TUITIONFEE_IN,6484,0,2713
2022,TUITIONFEE_OUT,6484,0,2713
2022,PCTPELL,6484,0,813
2022,C150_4,6484,0,4203
2022,C150_L4,6484,0,3406
2022,GRAD_DEBT_MDN,6484,0,6484
2022,MD_EARN_WNE_P10,6484,0,6484
2022,CDR3,6484,0,676
2023,UNITID,6430,0,0
2023,OPEID6,6430,0,25
2023,INSTNM,6430,0,0
2023,CITY,6430,0,0
2023,STABBR,6430,0,0
2023,CONTROL,6430,0,0
2023,PREDDEG,6430,0,0
2023,REGION,6430,0,0
2023,LOCALE,6430,0,6430
2023,HBCU,6430,0,6430
2023,MAIN,6430,0,0
2023,CURROPER,6430,0,6430
2023,LATITUDE,6430,0,6430
2023,LONGITUDE,6430,0,6430
2023,UGDS,6430,0,773
2023,ADM_RATE,6430,0,4484
2023,COSTT4_A,6430,0,3183
2023,NPT4_PUB,6430,0,4624
2023,NPT4_PRIV,6430,0,3070
2023,TUITIONFEE_IN,6430,0,2700
2023,TUITIONFEE_OUT,6430,0,2700
2023,PCTPELL,6430,0,818
2023,C150_4,6430,0,4158
2023,C150_L4,6430,0,3443
2023,GRAD_DEBT_MDN,6430,0,6430
2023,MD_EARN_WNE_P10,6430,0,6430
2023,CDR3,6430,0,743
2024,UNITID,6322,0,0
2024,OPEID6,6322,0,27
2024,INSTNM,6322,0,0
2024,CITY,6322,0,0
2024,STABBR,6322,0,0
2024,CONTROL,6322,0,0
2024,PREDDEG,6322,0,0
2024,REGION,6322,0,0
2024,LOCALE,6322,0,6322
2024,HBCU,6322,0,6322
2024,MAIN,6322,0,0
2024,CURROPER,6322,0,6322
2024,LATITUDE,6322,0,6322
2024,LONGITUDE,6322,0,6322
2024,UGDS,6322,0,735
2024,ADM_RATE,6322,0,4395
2024,COSTT4_A,6322,0,3092
2024,NPT4_PUB,6322,0,4522
2024,NPT4_PRIV,6322,0,3009
2024,TUITIONFEE_IN,6322,0,2660
2024,TUITIONFEE_OUT,6322,0,2660
2024,PCTPELL,6322,0,775
2024,C150_4,6322,0,4039
2024,C150_L4,6322,0,3397
2024,GRAD_DEBT_MDN,6322,0,6322
2024,MD_EARN_WNE_P10,6322,0,6322
2024,CDR3,6322,0,773
2025,UNITID,6273,0,0
2025,OPEID6,6273,0,21
2025,INSTNM,6273,0,0
2025,CITY,6273,0,0
2025,STABBR,6273,0,0
2025,CONTROL,6273,0,0
2025,PREDDEG,6273,0,0
2025,REGION,6273,0,0
2025,LOCALE,6273,0,541
2025,HBCU,6273,0,470
2025,MAIN,6273,0,0
2025,CURROPER,6273,0,0
2025,LATITUDE,6273,0,542
2025,LONGITUDE,6273,0,542
2025,UGDS,6273,0,6273
2025,ADM_RATE,6273,0,6273
2025,COSTT4_A,6273,0,6273
2025,NPT4_PUB,6273,0,6273
2025,NPT4_PRIV,6273,0,6273
2025,TUITIONFEE_IN,6273,0,6273
2025,TUITIONFEE_OUT,6273,0,6273
2025,PCTPELL,6273,0,6273
2025,C150_4,6273,0,6273
2025,C150_L4,6273,0,6273
2025,GRAD_DEBT_MDN,6273,0,6273
2025,MD_EARN_WNE_P10,6273,0,6273
2025,CDR3,6273,0,6273
