year,control,institutions,median_in_state_tuition
2000,Private for-profit,85,9250.0
2000,Private nonprofit,1006,13160.0
2000,Public,530,3177.5
2001,Private for-profit,116,9800.0
2001,Private nonprofit,1192,13630.0
2001,Public,569,3384.0
2002,Private for-profit,161,9950.0
2002,Private nonprofit,1191,14380.0
2002,Public,573,3720.0
2003,Private for-profit,159,11070.0
2003,Private nonprofit,1208,15231.0
2003,Public,574,4197.5
2004,Private for-profit,176,11545.0
2004,Private nonprofit,1182,16262.5
2004,Public,573,4577.0
2005,Private for-profit,201,12100.0
2005,Private nonprofit,1183,17240.0
2005,Public,569,4988.0
2006,Private for-profit,206,12660.0
2006,Private nonprofit,1194,18265.0
2006,Public,575,5308.0
2007,Private for-profit,212,13360.0
2007,Private nonprofit,1187,19514.0
2007,Public,577,5641.0
2008,Private for-profit,230,14130.0
2008,Private nonprofit,1183,20596.0
2008,Public,575,5936.0
2009,Private for-profit,250,14592.0
2009,Private nonprofit,1186,21713.5
2009,Public,577,6276.0
2010,Private for-profit,277,14085.0
2010,Private nonprofit,1189,22750.0
2010,Public,579,6639.0
2011,Private for-profit,298,14805.0
2011,Private nonprofit,1185,23854.0
2011,Public,579,7008.0
2012,Private for-profit,300,14985.0
2012,Private nonprofit,1190,24790.0
2012,Public,580,7330.0
2013,Private for-profit,308,15495.0
2013,Private nonprofit,1206,25565.0
2013,Public,582,7541.0
2014,Private for-profit,260,15420.0
2014,Private nonprofit,1208,26381.0
2014,Public,588,7774.0
2015,Private for-profit,230,16761.0
2015,Private nonprofit,1201,27286.0
2015,Public,587,8080.0
2016,Private for-profit,205,17306.0
2016,Private nonprofit,1204,28250.0
2016,Public,590,8283.0
2017,Private for-profit,206,17014.0
2017,Private nonprofit,1205,29100.0
2017,Public,592,8624.0
2018,Private for-profit,150,17496.0
2018,Private nonprofit,1201,29830.0
2018,Public,589,8922.0
2019,Private for-profit,145,17819.0
2019,Private nonprofit,1198,30504.0
2019,Public,580,9075.0
2020,Private for-profit,150,17792.0
2020,Private nonprofit,1189,31352.0
2020,Public,556,8978.0
2021,Private for-profit,145,17488.0
2021,Private nonprofit,1188,31585.0
2021,Public,555,9173.0
2022,Private for-profit,142,17755.0
2022,Private nonprofit,1187,32484.0
2022,Public,571,9444.0
2023,Private for-profit,133,18645.0
2023,Private nonprofit,1175,33470.0
2023,Public,567,9739.0
2024,Private for-profit,132,18145.0
2024,Private nonprofit,1161,34680.0
2024,Public,567,9987.0
